{"cameraMode":{"drawMode":0,"name":"Shaded","section":"Shading Mode"},"sceneLighting":false,"audioPlay":false,"sceneViewState":{"m_AlwaysRefresh":false,"showFog":true,"showSkybox":false,"showFlares":true,"showImageEffects":true,"showParticleSystems":true,"showVisualEffectGraphs":true,"m_FxEnabled":true},"in2DMode":false,"pivot":{"x":1.0012924671173096,"y":1.4357147216796876,"z":1.7269940376281739},"rotation":{"x":-0.09271474927663803,"y":0.8845531940460205,"z":-0.4113743007183075,"w":-0.1993820071220398},"size":0.00944560393691063,"orthographic":false}