{"cameraMode":{"drawMode":0,"name":"Shaded","section":"Shading Mode"},"sceneLighting":false,"audioPlay":false,"sceneViewState":{"m_AlwaysRefresh":false,"showFog":true,"showSkybox":false,"showFlares":true,"showImageEffects":true,"showParticleSystems":true,"showVisualEffectGraphs":true,"m_FxEnabled":true},"in2DMode":false,"pivot":{"x":0.7661960124969482,"y":1.258307933807373,"z":2.8167965412139894},"rotation":{"x":-0.04499870166182518,"y":0.95500648021698,"z":-0.20685744285583497,"w":-0.20774728059768678},"size":0.00944560393691063,"orthographic":false}