{"cameraMode":{"drawMode":0,"name":"Shaded","section":"Shading Mode"},"sceneLighting":false,"audioPlay":false,"sceneViewState":{"m_AlwaysRefresh":false,"showFog":true,"showSkybox":false,"showFlares":true,"showImageEffects":true,"showParticleSystems":true,"showVisualEffectGraphs":true,"m_FxEnabled":true},"in2DMode":false,"pivot":{"x":13.124828338623047,"y":-10.428077697753907,"z":21.68044662475586},"rotation":{"x":0.2017185240983963,"y":0.2751561999320984,"z":-0.059186071157455447,"w":0.9381076693534851},"size":1.2247449159622193,"orthographic":false}